{
  "overview": {
    "title": "SAPRA - Smart Access to Project Activities",
    "subtitle": "سیستم مدیریت پروژه هوشمند",
    "description": "SAPRA یک سیستم مدیریت پروژه هوشمند است که برای نظارت و کنترل فعالیتهای پروژههای صنعتی طراحی شده است.",
    "features": [
      {
        "icon": "bi-graph-up",
        "title": "داشبورد تحلیلی",
        "description": "نمایش آمار کلی پروژه با چارتهای تعاملی amCharts و فیلتر بر اساس سیستم و زیرسیستم"
      },
      {
        "icon": "bi-search",
        "title": "جستجو و فیلتر پیشرفته",
        "description": "جستجوی سریع آیتمها و فیلتر بر اساس رشته، وضعیت، زیرسیستم و صادرات به Excel"
      },
      {
        "icon": "bi-file-earmark-bar-graph",
        "title": "گزارشگیری",
        "description": "گزارش وضعیت پانچها، نمودار روند بسته شدن پانچها و صادرات تصاویر"
      },
      {
        "icon": "bi-arrow-repeat",
        "title": "مدیریت گردش کار",
        "description": "ردیابی مراحل تحویل زیرسیستمها، مدیریت فرمهای تحویل و نمایش Hold Point ها"
      }
    ],
    "stats": [
      { "number": "15K+", "label": "آیتمهای پروژه" },
      { "number": "70%", "label": "کاهش زمان گزارشگیری" },
      { "number": "24/7", "label": "دسترسی" }
    ],
    "technologies": [
      "HTML5, CSS3, JavaScript (ES6+)",
      "Bootstrap 5",
      "amCharts 5",
      "Papa Parse (CSV)",
      "SheetJS (Excel)",
      "Bootstrap Icons"
    ]
  },
  "guide": {
    "title": "راهنمای کاربری SAPRA",
    "steps": [
      {
        "icon": "bi-box-arrow-in-right",
        "title": "ورود به سیستم",
        "description": "انتخاب فاز پروژه، نام کاربری و رمز عبور",
        "details": [
          "فازهای پروژه: Engineering, Procurement, Construction, Precommissioning, Commissioning, Start-up",
          "کاربران: Sapra_Sabalan2, Kayson_User, Administrator"
        ]
      },
      {
        "icon": "bi-speedometer2",
        "title": "آشنایی با داشبورد",
        "description": "کارتهای خلاصه، جدول جزئیات و چارتهای تحلیلی",
        "details": [
          "کارتهای فرم: A (ارسال به کارفرما), B (بازگشت با پانچ), C (پانچ کلیر), D (تحویل نهایی)",
          "کارتهای آماری: تکمیل شده، در انتظار، باقیمانده، مسائل"
        ]
      },
      {
        "icon": "bi-list-ul",
        "title": "استفاده از منوی کناری",
        "description": "جستجو، انتخاب سیستم/زیرسیستم و نشانگرهای وضعیت",
        "details": [
          "جستجو در کادر جستجو",
          "انتخاب All Systems یا سیستم/زیرسیستم خاص",
          "نشانگرهای A, B, C, D برای وضعیت فرم"
        ]
      },
      {
        "icon": "bi-file-earmark-bar-graph",
        "title": "گزارشگیری پیشرفته",
        "description": "تب Punch Release برای مشاهده روند بسته شدن پانچها",
        "details": [
          "انتخاب بازه زمانی: 10 روز، 30 روز، هفته، دیروز، دلخواه",
          "انتخاب رشتهها برای فیلتر",
          "صادرات: تصویر، Excel، اشتراکگذاری"
        ]
      }
    ],
    "shortcuts": [
      { "key": "Ctrl + E", "action": "صادرات Excel" },
      { "key": "Ctrl + R", "action": "بارگذاری مجدد" },
      { "key": "Ctrl + F", "action": "جستجوی سریع" },
      { "key": "Ctrl + D", "action": "پایگاه داده" },
      { "key": "Ctrl + Q", "action": "خروج" },
      { "key": "?", "action": "راهنمای میانبرها" }
    ]
  },
  "proposal": {
    "title": "پروپوزال سیستم SAPRA",
    "subtitle": "Smart Access to Project Activities",
    "executive_summary": "سیستم SAPRA یک پلتفرم جامع مدیریت پروژه است که برای بهبود کارایی، شفافیت و کنترل پروژههای صنعتی بزرگ طراحی شده است.",
    "problems": {
      "title": "مسائل موجود",
      "current_issues": [
        "عدم شفافیت: اطلاعات پراکنده در فایلهای مختلف Excel",
        "تأخیر در گزارشگیری: فرآیند دستی و زمانبر تهیه گزارشات",
        "عدم هماهنگی: نبود سیستم یکپارچه برای تیمهای مختلف",
        "خطای انسانی: احتمال اشتباه در محاسبات و آمارها",
        "دسترسی محدود: عدم امکان دسترسی همزمان چندین کاربر"
      ],
      "impact_stats": [
        { "percent": "30%", "description": "افزایش زمان تهیه گزارشات" },
        { "percent": "25%", "description": "احتمال خطا در دادهها" },
        { "percent": "40%", "description": "کاهش کارایی تیمها" },
        { "percent": "20%", "description": "تأخیر در تصمیمگیریها" }
      ]
    },
    "solution": {
      "title": "راهکار SAPRA",
      "main_goal": "ایجاد یک سیستم یکپارچه، هوشمند و کاربرپسند برای مدیریت کامل چرخه حیات پروژههای صنعتی",
      "key_features": [
        {
          "title": "داشبورد تحلیلی پیشرفته",
          "items": ["نمایش بصری با amCharts", "آمار لحظهای", "فیلتر هوشمند", "نمای چندسطحی"]
        },
        {
          "title": "مدیریت فرآیند تحویل",
          "items": ["ردیابی فرمهای A، B، C، D", "وضعیت زیرسیستمها", "تاریخچه تغییرات"]
        },
        {
          "title": "مدیریت پانچها",
          "items": ["گزارش روزانه", "تحلیل رشتهای", "پیشبینی زمان تکمیل"]
        },
        {
          "title": "گزارشگیری پیشرفته",
          "items": ["صادرات چندگانه", "گزارشات خودکار", "اشتراکگذاری"]
        }
      ]
    },
    "benefits": {
      "business": [
        { "title": "بهبود کارایی", "items": ["70% کاهش زمان گزارشگیری", "85% کاهش خطاهای انسانی", "60% افزایش سرعت تصمیمگیری"] },
        { "title": "کاهش هزینهها", "items": ["50% کاهش زمان مدیریت", "40% کاهش هزینههای اداری", "30% کاهش تأخیرات"] },
        { "title": "بهبود کیفیت", "items": ["شفافیت کامل", "کنترل بهتر", "پیشبینی مشکلات"] }
      ],
      "technical": [
        { "title": "معماری مدرن", "items": ["وب بیس", "ریسپانسیو", "سرعت بالا"] },
        { "title": "امنیت", "items": ["کنترل دسترسی", "پشتیبانگیری", "پایداری"] }
      ]
    },
    "comparison": {
      "headers": ["ویژگی", "SAPRA", "Excel سنتی", "سیستمهای پیچیده"],
      "rows": [
        ["سهولت استفاده", "⭐⭐⭐⭐⭐", "⭐⭐⭐", "⭐⭐"],
        ["سرعت پیادهسازی", "⭐⭐⭐⭐⭐", "⭐⭐⭐⭐", "⭐"],
        ["هزینه", "⭐⭐⭐⭐", "⭐⭐⭐⭐⭐", "⭐"],
        ["قابلیتهای تحلیلی", "⭐⭐⭐⭐⭐", "⭐⭐", "⭐⭐⭐⭐⭐"],
        ["انعطافپذیری", "⭐⭐⭐⭐", "⭐⭐⭐", "⭐⭐"],
        ["پشتیبانی", "⭐⭐⭐⭐⭐", "⭐⭐", "⭐⭐⭐"]
      ]
    },
    "case_study": {
      "title": "پروژه پالایشگاه صابلان",
      "details": ["حجم پروژه: 15,000+ آیتم", "مدت زمان: 24 ماه"],
      "results": ["65% کاهش زمان گزارشگیری", "90% دقت در آمارها", "45% بهبود هماهنگی تیمها"]
    },
    "implementation": {
      "phases": [
        { "title": "آمادهسازی (1 هفته)", "tasks": ["نصب سیستم", "پیکربندی اولیه", "آپلود دادهها"] },
        { "title": "آموزش (1 هفته)", "tasks": ["آموزش کاربران", "تهیه مستندات", "تست عملکرد"] },
        { "title": "راهاندازی (1 هفته)", "tasks": ["اجرای پایلوت", "رفع مشکلات", "راهاندازی کامل"] }
      ],
      "requirements": ["سرور وب: Apache/Nginx", "مرورگر: Chrome, Firefox, Safari, Edge", "فضای ذخیره: 500MB", "پهنای باند: 1Mbps"]
    },
    "costs": {
      "implementation": [
        { "item": "مجوز نرمافزار", "cost": "رایگان (Open Source)" },
        { "item": "پیادهسازی", "cost": "50 میلیون ریال" },
        { "item": "آموزش", "cost": "20 میلیون ریال" },
        { "item": "پشتیبانی سالانه", "cost": "30 میلیون ریال" }
      ],
      "roi": [
        { "item": "صرفهجویی زمان", "value": "200 میلیون ریال/سال" },
        { "item": "کاهش خطا", "value": "100 میلیون ریال/سال" },
        { "item": "بهبود کارایی", "value": "150 میلیون ریال/سال" }
      ],
      "roi_percent": "550% در سال اول"
    },
    "contact": {
      "developer": "امین ناصری کریموند",
      "email": "akarimvand@gmail.com",
      "phone": "+989366302800"
    }
  }
}